0,1
AID03115,AID03116
AID04119,AID04120
AID04121,AID04122
AID05101,AID05102
AID05103,AID05104
TDS10001,TDS10002
TDS91031,TDS91032
TDSCPRKC10001,TDSCPRKC10002
TDSCPRKC10003,TDSCPRKC10004
TDSCPRKC20004,TDSCPRKC20005
TDSCPRLT10001,TDSCPRLT10002
TDSCPRLT20001,TDSCPRLT20002
TDSIEC20001,TDSIEC20002
TDSJCR10001,TDSJCR10002
TDSJCR20001,TDSJCR20002
TDSLFR20001,TDSLFR20002
TDSMOSR20001,TDSMOSR20002
TDSPBH10001,TDSPBH10002
TDSPBH20001,TDSPBH20002
TDSPERE10001,TDSPERE10002
TDSPERE20001,TDSPERE20002
TDSTPTWR10001,TDSTPTWR10002
TDSTPTWR20001,TDSTPTWR20002
TDSTTR20001,TDSTTR20002
TDSTYR20001,TDSTYR20002
